<?xml version="1.0" encoding="UTF-8"?>
<project-private xmlns="http://www.netbeans.org/ns/project-private/1">
    <editor-bookmarks xmlns="http://www.netbeans.org/ns/editor-bookmarks/2" lastBookmarkId="0"/>
    <open-files xmlns="http://www.netbeans.org/ns/projectui-open-files/2">
        <group>
            <file>file:/C:/Users/Aluno/Documents/GitHub/Tarefa2-Arquitetura/Tarefa2.4/src/Model/Cliente.java</file>
            <file>file:/C:/Users/Aluno/Documents/GitHub/Tarefa2-Arquitetura/Tarefa2.4/src/DAO/PaisDao.java</file>
            <file>file:/C:/Users/Aluno/Documents/GitHub/Tarefa2-Arquitetura/Tarefa2.4/src/Controller/ControllerCliente.java</file>
            <file>file:/C:/Users/Aluno/Documents/GitHub/Tarefa2-Arquitetura/Tarefa2.4/src/DAO/ClienteDao.java</file>
        </group>
    </open-files>
</project-private>
